                  epoch,         train/box_loss,         train/cls_loss,         train/dfl_loss,   metrics/precision(B),      metrics/recall(B),       metrics/mAP50(B),    metrics/mAP50-95(B),           val/box_loss,           val/cls_loss,           val/dfl_loss,                 lr/pg0,                 lr/pg1,                 lr/pg2
                      0,                 1.5335,                 2.0089,                 1.4255,                0.84159,                0.64864,                0.74105,                0.43215,                  1.405,                 1.2578,                 1.2646,               0.070135,              0.0033184,              0.0033184
                      1,                 1.4083,                 1.1668,                 1.2244,                0.84568,                0.67964,                0.76768,                0.44548,                 1.4275,                 1.1334,                 1.2538,               0.038817,              0.0053347,              0.0053347
                      2,                  1.395,                 1.1281,                 1.2229,                 0.8637,                0.62043,                0.71966,                0.41544,                 1.5002,                 1.2603,                 1.3095,              0.0061804,               0.006031,               0.006031
                      3,                  1.379,                 1.0719,                 1.2032,                0.85736,                0.69727,                0.78893,                0.46732,                 1.3682,                 1.0563,                 1.2228,                0.00406,                0.00406,                0.00406
                      4,                 1.3476,                 1.0012,                 1.1839,                0.86328,                0.71856,                0.80498,                0.49682,                 1.3433,                0.94098,                 1.1986,                0.00406,                0.00406,                0.00406
